Período;Inflación;Dólar Observado;Indice Actividad Minera;Indice Actividad Industria;Indice Actividad Resto de bienes;Indice Activdad Comercio;Indice Actividad Servicios;TPM;M1;M2;M3;Precio Petróleo (USD);Precio Cobre (USD);IPSA (CLP)
01-01-04;-0,002;573,6414286;96,59371335;67,22243951;72,7272497;49,0801895;46,90518895;0,018690476;12258,85359;49741,75287;101788,1248;33,05;1,142;1408,86
01-02-04;0;584,306;89,89454155;63,11557121;79,15108824;45,70046919;44,44762013;0,0175;12120,89633;49943,85146;101922,4851;36,16;1,346;1543,08
01-03-04;0,004;603,9121739;99,16814898;72,2864273;76,11768083;52,19556736;52,76308013;0,0175;12848,18405;50938,75355;103650,3277;35,76;1,358;1458,9
01-04-04;0,004;608,1871429;99,17198691;70,56366361;63,82851415;53,73122332;53,29994021;0,0175;12293,53521;50893,92504;103414,0946;37,38;1,2075;1430,6
01-05-04;0,005;635,7575;103,8532104;69,6224015;56,79387895;52,35984622;53,60025909;0,0175;12797,48366;50915,33147;103385,9559;39,88;1,2745;1428,8
01-06-04;0,004;643,4965;106,6424897;68,00111834;51,13304506;48,65497886;53,26751296;0,0175;12970,16468;51103,78376;103927,9154;37,05;1,208;1482,98
01-07-04;0,002;632,3936364;104,227205;70,90991816;50,11677134;49,91375993;50,95094868;0,0175;12909,3978;52136,75596;104505,7612;43,8;1,298;1520,85
01-08-04;0,004;635,9318182;105,2144065;68,57373968;49,7257234;49,0256769;54,37202337;0,0175;12885,17259;52736,76471;105078,7764;42,12;1,2815;1631,41
01-09-04;0,001;616,5519048;102,723663;68,21388826;49,46965958;45,3538264;52,48633757;0,019404762;13340,25984;54165,84085;106639,8801;49,64;1,396;1707,02
01-10-04;0,003;607,2785;110,578029;75,89112193;55,52865251;53,97997079;55,83892463;0,02;13552,39095;55351,61898;107534,6631;51,76;1,3325;1768,2
01-11-04;0,003;596,72;104,1491182;71,55010646;59,89107328;54,18374967;57,60641191;0,0215;13568,93481;55231,88411;108216,732;49,13;1,439;1790,47
01-12-04;-0,004;576,17;111,1881641;73,94815976;73,27905249;66,07224129;54,26382808;0,0225;14397,47785;56555,92142;109523,4384;43,45;1,4525;1796,48
01-01-05;-0,003;574,1195238;93,15005192;70,3967004;81,78465106;55,50300898;50,32464894;0,024166667;14793,06299;57993,71555;109880,6643;48,2;1,421;1809,88
01-02-05;-0,001;573,584;84,57748477;64,6184708;87,07555767;51,61518003;47,57699026;0,0265;14572,00617;58352,38957;110184,366;51,75;1,4985;1895,2
01-03-05;0,006;586,4827273;96,68782795;72,85228389;81,83595825;58,79571368;56,00394029;0,0275;14396,96424;58609,2249;110496,006;55,4;1,497;1961,69
01-04-05;0,009;580,4557143;87,44322104;76,61712427;69,90836062;61,39192617;57,02853282;0,029404762;14412,86027;59539,92464;111341,2411;49,72;1,464;1956,98
01-05-05;0,003;578,3090476;93,90961354;72,80696606;63,82502854;57,47686985;56,61707559;0,031428571;14622,44048;60391,23239;112759,933;51,97;1,4225;1968,78
01-06-05;0,004;585,4733333;94,30183963;71,88919878;58,78616674;53,72476663;56,80628769;0,0325;14341,97141;61251,69619;113706,9293;56,5;1,51;2056,84
01-07-05;0,006;575,7661905;91,43933145;73,0807943;56,90641854;54,89291553;53,72154494;0,034047619;14166,68251;61663,75363;113606,6681;60,57;1,6225;2175,06
01-08-05;0,003;546,6095455;105,8831869;71,10583853;56,02662727;54,40327223;57,62308842;0,036477273;13919,32346;61346,72868;113503,9376;68,94;1,668;2086,25
01-09-05;0,01;536,7004762;94,38542116;70,31723077;55,37893105;51,73331;56,05194665;0,039285714;13926,05102;60916,96913;113264,5729;66,24;1,7275;2152,82
01-10-05;0,005;535,497;99,60572548;77,56648643;60,17887817;59,92420366;58,88841511;0,04175;13894,21318;62256,55208;113918,2339;59,76;1,792;2072,64
01-11-05;-0,002;529,8814286;100,6074709;75,98632071;63,47738794;59,55246668;61,49548067;0,044166667;14093,59753;64018,89128;116114,4058;57,32;1,9655;2027,61
01-12-05;-0,003;514,3309524;111,7660841;81,18830469;76,10910604;72,43595004;58,31933123;0,045;15446,30295;67645,82192;119570,4859;61,04;2,042;1964,47
01-01-06;0,001;524,4768182;89,87034731;76,30722434;85,32883227;59,30111062;53,63283633;0,045;15431,02276;67760,43522;118948,8799;67,92;2,2155;2118,46
01-02-06;-0,001;525,7045;88,47863091;70,34540208;93,9225337;56,22336706;50,72124014;0,046625;15385,3157;68364,65725;119865,0274;61,41;2,1785;2166,84
01-03-06;0,006;528,7708696;94,01572293;76,12308905;89,14516944;63,00592247;59,62126174;0,0475;15277,82495;69001,96394;120237,0587;66,63;2,459;2181,95
01-04-06;0,006;517,3263158;93,16990356;77,46230568;75,80459543;65,19734066;60,15567685;0,048815789;15376,18553;69523,4858;120338,1241;71,88;3,2205;2201,56
01-05-06;0,002;520,7940909;97,48822073;77,17679636;68,66406733;64,37118718;60,97116103;0,05;15456,98002;70197,19506;121131,1292;71,29;3,6065;2156,53
01-06-06;0,006;542,46;100,6696107;74,82646491;62,52199751;59,94636396;60,49294437;0,05;15619,06258;70698,05195;121413,6781;73,93;3,355;2126,02
01-07-06;0,005;540,6204762;95,46569366;76,06529758;60,62096195;59,22368198;57,36425975;0,051428571;15273,48626;70408,48981;120302,3205;74,4;3,55;2131,58
01-08-06;0,003;538,5272727;95,75453977;73,64677378;59,28992616;59,72723417;61,43344734;0,0525;15168,47361;71900,55742;121857,1672;70,26;3,461;2206,37
01-09-06;0;538,6526316;97,05503838;74,07738608;57,65955275;58,19453608;60,09322919;0,0525;15695,66086;73463,04295;124756,6752;62,91;3,4605;2280,48
01-10-06;-0,003;530,9547619;106,9806205;82,56713632;62,09464964;64,42239284;63,84197626;0,0525;15367,83511;73151,18861;124919,9819;58,73;3,349;2380,26
01-11-06;-0,002;527,4371429;100,260977;77,64257282;65,3378315;64,8960569;66,30597813;0,0525;15647,70022;74219,93348;126419,3037;63,13;3,189;2559,67
01-12-06;0,001;527,5821053;111,1786432;83,03874075;79,3737907;79,48615954;62,71613906;0,0525;17049,00419;76776,37455;129230,8596;61,05;2,871;2693,22
01-01-07;0,003;540,51;95,48761241;75,53649575;85,05279799;64,83134679;58,22946162;0,050909091;17416,46601;78270,25512;130235,1252;58,14;2,6015;2895,28
01-02-07;-0,002;542,2665;87,78480003;72,56939718;90,28273451;61,26204742;54,92226003;0,05;17341,98977;79105,72532;131672,6049;61,79;2,752;2811,62
01-03-07;0,004;538,4877273;105,234177;79,83820793;84,18470232;68,49209051;64,61152104;0,05;17351,47858;79843,13537;132410,4175;65,87;3,144;2929
01-04-07;0,006;532,301;96,54632909;80,67266803;72,45758582;70,37215832;65,56575213;0,05;17673,62018;80784,79681;132614,891;65,71;3,5565;3161,22
01-05-07;0,006;522,0161905;102,5113909;78,61692928;64,85201834;67,79062243;66,04455812;0,05;17667,75994;81511,18964;134107,4364;64,01;3,3915;3279,53
01-06-07;0,009;526,7190476;104,1020259;76,685825;57,92831773;62,88766986;65,93246035;0,05;17589,22646;82169,81629;134695,3263;70,68;3,4505;3470,18
01-07-07;0,011;519,8045;90,14765442;78,06333976;55,68754404;63,44608203;62,44592397;0,0515;17485,50677;82430,70128;134554,4664;78,21;3,642;3340,43
01-08-07;0,011;522,9227273;99,26132076;75,14409946;53,78651271;62,96638681;66,62206844;0,054204545;17260,48811;81726,14756;133892,9592;74,04;3,403;3310,14
01-09-07;0,011;516,9111765;105,6442541;72,41203877;53,37386189;60,38626531;64,84345238;0,056176471;17605,45323;81422,79769;133453,0966;81,66;3,64;3249
01-10-07;0,003;501,4427273;101,903036;82,5479779;59,76221824;69,57473822;69,5764516;0,0575;17143,49676;82031,97512;134537,7636;94,53;3,4795;3451,18
01-11-07;0,008;506,9514286;97,03700301;80,33419162;63,58941367;70,26250555;72,13205576;0,0575;17717,88343;84159,45569;136680,5367;88,71;3,1785;3204,47
01-12-07;0,005;499,2768421;111,9142259;82,64939767;76,84559726;86,34763505;68,74869959;0,058815789;18668,01392;86834,87345;138544,4755;95,98;3,041;3051,83
01-01-08;0;480,8963636;93,19806557;82,60123592;87,18621139;71,36535563;62,73290306;0,061704545;18811,6782;88363,84911;139841,2329;91,75;3,307;2788,34
01-02-08;0,004;467,2171429;89,38806958;80,56693374;93,99775377;67,17094584;59,11468184;0,0625;18649,35622;88967,27643;139755,2272;101,84;3,855;2836,82
01-03-08;0,008;442,942;97,5565398;85,22253821;88,83997944;74,55489557;69,86559031;0,0625;18394,89224;89189,19294;139410,9981;101,58;3,827;2902,02
01-04-08;0,004;446,4336364;89,61659468;84,91754322;77,56998889;76,77618214;71,08943461;0,0625;18323,97044;89920,92809;141180,8082;113,46;3,9045;2989,41
01-05-08;0,012;470,1;97,04343041;80,60023827;71,58403549;73,1212184;71,31422982;0,0625;18679,9443;90117,54854;142888,5167;127,35;3,606;3048,85
01-06-08;0,015;493,612381;98,85497474;80,83455454;65,16641;68,20891323;71,0917427;0,065833333;18538,89845;89038,00255;143237,2056;140;3,8825;2999,9
01-07-08;0,011;502,2413636;97,53013265;78,79223277;61,46631512;67,54071024;67,20199618;0,070681818;17385,51225;87585,52762;142650,7157;124,08;3,656;3014,8
01-08-08;0,009;516,702;84,44167992;76,89443481;60,47131044;67,03588523;71,57791687;0,075;17420,75794;87622,97256;144279,0417;115,46;3,3995;2895,21
01-09-08;0,011;530,17;88,19765317;76,71669276;60,37300312;63,68728147;69,84275301;0,0815;17460,48175;87856,14136;146001,6199;100,64;2,879;2753,31
01-10-08;0,009;618,3945455;97,63874099;80,44003343;65,04827135;70,90201419;74,04387763;0,0825;17686,99613;89869,44335;147710,9213;67,81;1,8345;2489,59
01-11-08;-0,001;651,5055;86,8195306;75,75225114;67,58869962;69,85833406;76,35647125;0,0825;17482,74733;91967,95508;149653,4724;54,43;1,644;2406,26
01-12-08;-0,012;649,3165;106,3367358;79,89845677;78,90563037;84,20319369;71,47016962;0,0825;18598,41385;94914,78069;152825,9384;44,6;1,41;2376,42
01-01-09;-0,008;623,007619;86,91622636;74,43601291;86,49140878;67,4997111;65,16505095;0,074880952;18645,30115;95826,81327;153710,3399;41,68;1,4755;2549,46
01-02-09;-0,004;605,998;77,52078732;70,90596224;90,06023633;62,33727232;60,92754505;0,05875;18334,49349;95240,96392;153913,1878;44,76;1,5385;2468,63
01-03-09;0,004;592,9313636;89,58819848;80,18305547;87,40425043;71,20381494;71,35604447;0,032727273;18450,32318;93578,86895;152788,4135;49,66;1,849;2478,94
01-04-09;-0,002;583,1757143;87,87688289;78,31393195;76,65441887;69,67172396;71,42924339;0,019166667;18907,62661;93110,49161;153248,9606;51,12;2,0475;2670,78
01-05-09;-0,003;565,7178947;94,34627604;74,20681001;70,87549006;68,46736262;71,1842353;0,013552632;19729,16419;93688,76814;154573,5784;66,31;2,1995;3100,42
01-06-09;0,003;553,08;94,97496671;75,19338165;65,00810882;63,48321094;70,79375972;0,010357143;20148,29925;93630,33698;154349,6634;69,89;2,272;3090,5
01-07-09;-0,004;540,4204545;87,58707699;74,82152199;63,34903312;64,07105202;66,76754315;0,005795455;20213,7151;94629,25345;154474,7149;69,45;2,6245;3226,2
01-08-09;-0,004;546,8842857;95,15498569;74,29683626;61,22000167;64,40899661;71,64894616;0,005;20543,13354;95143,63132;155560,0145;69,96;2,821;3175,18
01-09-09;0,01;549,0709524;99,06553444;73,62487047;61,15591745;61,04064924;69,49069975;0,005;21293,59046;93898,91071;154537,3505;70,61;2,819;3372,86
01-10-09;0;545,8328571;102,6178946;81,00312986;65,28119956;68,99375996;73,51482939;0,005;21374,6271;93233,73059;153270,8023;77;2,9605;3314,45
01-11-09;-0,005;507,7814286;99,97318707;79,68859676;67,71196803;69,76595813;75,89121537;0,005;21436,1005;92788,6923;153751,7347;77,28;3,168;3255,32
01-12-09;-0,003;501,45;106,8038179;82,90488788;78,8018;84,9703019;71,79438943;0,005;23170,65085;94727,52661;156305,2617;79,36;3,3465;3581,42
01-01-10;0,005;500,6625;86,65198467;76,47460939;85,38069421;71,38226331;66,65507254;0,005;23920,49991;96131,3088;156933,6001;72,89;3,0595;3808,96
01-02-10;0,003;532,557;87,1694483;72,56326802;90,24039313;64,47806458;62,42204699;0,005;24019,56033;96625,60931;157846,8314;79,66;3,284;3827,44
01-03-10;0,001;523,1626087;95,23328323;71,61397055;81,82153055;73,68414561;72,64844024;0,005;24567,10481;97673,95624;160117,2285;83,76;3,563;3763,12
01-04-10;0,005;520,6242857;96,17131526;79,74611983;75,15821605;79,88916806;74,86108087;0,005;24675,15924;97946,52522;160990,7669;86,15;3,3535;3865,45
01-05-10;0,004;533,2065;92,84617202;79,41711567;70,02564646;77,55988163;75,99378525;0,005;25774,78559;99069,56518;162300,44;73,97;3,115;3886,86
01-06-10;0;536,6680952;101,7181752;78,35026784;64,86960662;71,05018664;75,92139597;0,007380952;26281,98971;98857,43396;162646,6278;75,63;2,9505;4065,29
01-07-10;0,006;531,7214286;96,88285995;78,27312352;63,1344246;71,90117788;71,73536392;0,012380952;25814,38555;97502,0871;159691,2809;78,95;3,32;4364,15
01-08-10;-0,001;509,3240909;99,2336424;81,46114734;62,73404987;72,7513977;77,36997736;0,017954545;25802,79768;97508,79734;159697,6407;71,92;3,3685;4525,01
01-09-10;0,004;493,933;99,60913828;76,18049381;62,11352115;70,31653713;74,54523985;0,022;26590,99405;97940,12829;162331,972;79,97;3,6515;4795,38
01-10-10;0,001;484,0415;101,003525;83,26299639;67,38635701;79,86705239;78,96265447;0,026375;26224,74962;98633,00713;164445,4329;81,43;3,739;4912,53
01-11-10;0,001;482,3166667;102,4204983;85,43565621;70,92017192;80,28915421;82,51205985;0,028690476;26035,96268;99585,64801;167041,458;84,11;3,8255;4956,96
01-12-10;0,001;474,7780952;101,7772271;88,34901538;83,74357508;97,91932854;77,63981604;0,031190476;27288,03795;101661,0717;169770,0178;91,38;4,447;4927,53
01-01-11;0,003;489,4409524;88,24278569;82,1884184;94,34665807;81,21005628;71,44368725;0,0325;27857,0463;102825,3684;172822,6648;92,19;4,4635;4673,07
01-02-11;0,002;475,691;78,69784947;77,74314756;100,3228901;75,31791892;67,01843792;0,033375;27141,96594;102244,3711;173891,9853;96,97;4,4965;4444,57
01-03-11;0,008;479,6521739;91,61323303;91,48635877;96,40983547;88,1409889;80,03739579;0,037173913;26813,61887;102536,597;173704,9088;106,72;4,317;4624,47
01-04-11;0,003;471,32;89,75153499;86,32434029;83,1380001;87,43970203;80,84318594;0,043;27187,29153;104344,9566;175552,5951;113,93;4,179;4822,5
01-05-11;0,004;467,7286364;92,12322559;88,74852136;77,42740725;88,03137279;81,46627722;0,047954545;27540,86379;106288,2932;177749,9211;102,7;4,1875;4847,87
01-06-11;0,002;469,4119048;90,31077496;86,13961652;71,40619196;79,91717784;80,92477453;0,051309524;27706,46766;108013,937;180359,7081;95,42;4,2825;4795,28
01-07-11;0,001;462,9371429;83,82124371;84,28617864;71,00884745;78,93591839;75,95264472;0,0525;26993,54091;108703,6891;182160,4629;95,7;4,4895;4425,98
01-08-11;0,002;466,7904545;89,52790129;87,42166557;70,3998162;78,40824576;81,97567112;0,0525;27339,17645;111170,4771;185311,0427;88,81;4,1995;4288,32
01-09-11;0,005;483,6938095;86,28337238;84,90981075;69,47500031;78,04887786;78,90031966;0,0525;27660,41461;113222,0763;189036,489;79,2;3,152;3888,58
01-10-11;0,005;511,7442105;96,41178777;87,5473343;75,6134415;86,04782813;84,01966557;0,0525;27702,80007;114687,6068;192583,9553;93,19;3,642;4327,25
01-11-11;0,003;508,437619;91,88623477;92,18156021;78,85230309;88,00632041;87,52491355;0,0525;27434,5413;115762,4771;194380,4987;100,36;3,5735;4161,29
01-12-11;0,006;517,1719048;105,2220946;94,39916465;92,30177676;108,2938928;82,67887328;0,0525;29216,58014;118659,5238;196618,9658;98,83;3,436;4177,53
01-01-12;0,001;501,3395455;88,71303225;90,27610418;98,86691355;85,19473499;76,40014189;0,051022727;29483,40574;119718,0676;199493,7377;98,48;3,797;4260,75
01-02-12;0,004;481,4885714;84,46553357;85,44489449;104,2028842;80,24898627;72,58288728;0,05;28638,93267;118494,6314;198995,7458;107,07;3,8795;4535,6
01-03-12;0,002;485,3954545;92,75052309;97,04488852;101,3341925;90,92941845;85,61943756;0,05;28797,97517;119450,5679;200568,5128;103,02;3,8295;4671,28
01-04-12;0,001;486,001;90,99639372;91,68816275;91,86727453;90,90270812;86,629318;0,05;29438,95102;122126,5728;203774,2166;104,87;3,8295;4585,77
01-05-12;0;497,0880952;94,22227414;95,19957961;85,24344263;89,73570508;87,22317205;0,05;30184,94845;125197,296;206985,7451;86,53;3,3705;4318,16
01-06-12;-0,003;505,6280952;92,38230755;90,40839002;81,44843754;84,23454024;87,07429875;0,05;29774,4685;127753,1144;208910,3229;84,96;3,4965;4400,1
01-07-12;0;491,9345;87,41221311;88,41674532;80,53201716;83,37855369;82,17107408;0,05;29632,92616;128958,6658;209297,4933;88,06;3,4235;4227,56
01-08-12;0,002;480,9940909;95,14231132;92,77023302;79,31927297;84,04444394;87,07160829;0,05;28708,86668;128028,7442;208338,1765;96,47;3,4575;4155,68
01-09-12;0,008;474,9717647;93,59032392;80,416992;75,30595382;79,7856915;83,99756143;0,05;29821,9792;128852,5755;208469,0099;92,19;3,758;4230,42
01-10-12;0,006;475,3627273;98,20121048;97,03326084;82,59820954;90,17169572;89,26815258;0,05;29137,30628;128391,3545;207831,1451;86,24;3,523;4266,35
01-11-12;-0,005;480,5705;99,38716853;94,6230885;85,51353503;90,54649872;92,63779788;0,05;29202,54755;129196,0446;210056,1768;88,91;3,645;4139,99
01-12-12;0;477,1284211;105,8185838;93,9378361;99,54401181;111,0338578;87,10384104;0,05;31332,39968;130962,841;211147,5955;91,82;3,6525;4301,38
01-01-13;0,002;472,6686364;94,72312139;92,45926548;106,0256517;89,32611437;79,74337331;0,05;32094,38806;131822,0777;212831,7762;97,49;3,7395;4552,4
01-02-13;0,001;472,3445;84,35268245;83,53385446;114,2998028;81,51786573;74,84685061;0,05;31297,1657;131724,0396;213636,0201;92,05;3,5475;4558,46
01-03-13;0,004;472,484;96,9897455;94,36115591;110,8127585;94,76283787;88,48610996;0,05;31639,12889;133014,7241;215110,7286;97,23;3,4125;4432,14
01-04-13;-0,005;472,1372727;91,60802984;95,2546041;98,39886956;96,52689114;89,46975284;0,05;31895,28079;135008,3328;218922,1337;93,46;3,1875;4292,14
01-05-13;0;479,5828571;96,61531997;95,53424615;87,29071581;93,18796429;90,02378868;0,05;32504,44232;137269,3013;222988,4847;91,97;3,3;4191,26
01-06-13;0,006;502,886;101,3273662;91,15980081;77,82786812;85,7982295;89,91530896;0,05;32937,98319;138741,99;224487,1835;96,56;3,0575;4029,67
01-07-13;0,003;504,9622727;96,25388535;92,63681251;77,76254185;84,92568765;84,28398084;0,05;32967,65109;139239,4702;225802,8948;105,03;3,125;3732,54
01-08-13;0,002;512,5885714;100,2185772;92,32972933;76,7881602;85,68280321;90,0118665;0,05;32252,57454;139482,3359;228228,9155;107,65;3,2305;3628,73
01-09-13;0,005;504,57;100,1283039;82,23035472;76,10915146;79,89743417;86,63545611;0,05;33114,4593;140100,5257;229516,0708;102,33;3,323;3823,85
01-10-13;0,001;500,8063636;104,9772563;97,56631543;81,76203181;93,33467231;92,29015073;0,048977273;31965,93228;138790,5806;228255,974;96,38;3,3045;3912,44
01-11-13;0,004;519,25;106,2825057;95,11954468;85,96623201;92,49555082;96,0294057;0,0465;32474,57404;139526,4009;228953,6734;92,72;3,2155;3789,06
01-12-13;0,006;529,4505;108,7750602;95,7887221;100,2511493;107,5756456;90,34988931;0,045;34313,92458;141263,2268;228803,7695;98,42;3,3965;3699,19
01-01-14;0,002;537,0295455;94,8217735;92,16998575;103,2947694;88,55403653;83,15036473;0,045;34624,77184;142585,07;229261,5224;97,49;3,2;3439,41
01-02-14;0,005;554,4085;91,74107389;85,23012539;111,7388719;82,31937531;78,09255079;0,044;34081,08216;142520,0827;231896,1074;102,59;3,1875;3718,88
01-03-14;0,008;563,8433333;98,49760407;97,78462378;110,1847095;95,6974469;91,64497993;0,041071429;33899,48166;141382,4847;231173,8729;101,58;3,0245;3772,76
01-04-14;0,006;554,6409524;97,72043733;97,50416487;94,7598255;93,74116525;92,14892629;0,04;34335,20928;140512,136;230620,7021;99,74;3,0275;3909,64
01-05-14;0,003;555,402;104,0594966;95,7001444;86,31463476;92,96821567;92,27735483;0,04;34699,2363;139928,7281;232780,0985;102,71;3,1205;3903,81
01-06-14;0,001;553,0633333;101,9595426;89,49962967;79,21233731;85,14354859;92,41466752;0,04;35007,79351;140214,6808;234438,0277;105,37;3,2035;3875,73
01-07-14;0,002;558,2081818;97,22170062;90,54568825;75,75060468;84,80194317;86,50659545;0,03875;34622,20077;141041,2342;235042,8858;98,17;3,236;3875,44
01-08-14;0,003;579,052;99,06290191;88,37413369;76,20960094;84,13927632;92,80721608;0,03625;34045,01771;141164,8097;236498,9685;95,96;3,153;3996,63
01-09-14;0,008;593,468;100,0517565;85,70178768;75,5986717;82,91325686;89,56554967;0,033625;34701,21343;140859,5199;236685,842;91,16;3,0075;3943,56
01-10-14;0,01;589,98;106,0533542;98,14359396;83,11392105;90,84532291;95,2492693;0,031363636;33708,44756;139838,4896;234114,6605;80,54;3,047;3850,97
01-11-14;0;592,4595;103,6334518;94,27707984;86,91603866;88,97452725;98,53044329;0,03;35388,86095;143707,3006;237414,9291;66,15;2,856;3991,78
01-12-14;-0,004;612,919;113,8284507;98,55814154;100,6744294;110,3238554;92,60195488;0,03;37803,37876;147888,7499;243007,4844;53,27;2,8255;3850,96
01-01-15;0,001;620,9095238;106,489387;91,05950162;103,4640081;91,17624578;84,90347842;0,03;37657,10535;148096,7878;243857,2934;48,24;2,4955;3836,73
01-02-15;0,004;623,6175;92,26224691;87,76101784;118,2326325;83,24306918;79,30104546;0,03;37413,51865;147150,3753;244583,2032;49,76;2,6915;3983,72
01-03-15;0,006;628,5031818;99,43570829;98,97051327;114,4250405;98,78771901;93,38759062;0,03;36809,82657;145930,8315;242915,3838;47,6;2,741;3916,92
01-04-15;0,006;614,727619;97,40023447;98,29202584;99,38800653;98,1030591;94,06877798;0,03;37171,71712;146874,5663;243243,839;59,63;2,8865;4043,45
01-05-15;0,002;607,5968421;103,6986442;96,34546607;87,23140205;92,93132517;94,4890969;0,03;37804,87386;147866,5865;246787,7305;60,3;2,733;4045,62
01-06-15;0,005;629,9947619;104,9290423;94,56043359;80,02060969;90,51292977;94,12783634;0,03;38354,62538;148476,913;247595,939;59,47;2,615;3897,1
01-07-15;0,004;650,1395455;93,47251965;92,4777527;78,69687416;88,53701137;89,25104359;0,03;37960,68004;150270,886;251948,4762;47,12;2,369;3870,35
01-08-15;0,007;688,1157143;89,44525484;90,09488732;80,89104577;84,84399439;95,55006412;0,03;37567,4045;151575,5408;255033,1178;49,2;2,3385;3840,21
01-09-15;0,005;691,7290476;97,8278405;89,83987508;80,33309511;85,34787531;92,70308131;0,03;37767,96996;152076,2346;255642,933;45,09;2,341;3685,18
01-10-15;0,004;685,3142857;101,6088858;95,73122659;83,91619311;92,15956537;97,94804543;0,031309524;37253,85864;152695,8492;257373,2348;46,59;2,3235;3827,99
01-11-15;0;704,002381;98,84682102;96,34936654;89,73691028;94,33013021;101,3082219;0,0325;37897,90188;154783,9436;260404,4924;41,65;2,046;3655,3
01-12-15;0;704,238;107,5907783;99,31586612;105,4872749;113,9877188;94,93973168;0,0335;40076,7716;157296,6062;261178,6207;37,04;2,135;3680,21
01-01-16;0,005;721,948;95,999336;91,00571861;112,3974259;94,15225633;87,25175955;0,035;40750,30974;158225,3854;260492,5435;33,62;2,0705;3705,92
01-02-16;0,003;704,0847619;92,96024346;91,8191143;125,6872814;89,30598464;82,02047762;0,035;39960,26827;157780,9445;261249,2197;33,75;2,1325;3715,84
01-03-16;0,004;682,0677273;99,50772278;100,4818842;117,728783;100,0061995;96,89703224;0,035;38679,57181;157560,1833;259841,5214;38,34;2,188;3937,49
01-04-16;0,003;669,932381;89,59700271;95,72363752;96,9843315;98,12845962;97,16324298;0,035;38633,05131;158231,4248;259916,3389;45,92;2,2835;4002,07
01-05-16;0,002;681,8704545;99,52264701;95,92568852;88,47185968;95,82499832;97,92608909;0,035;38541,62196;158179,5587;263240,6889;49,1;2,1;3934,71
01-06-16;0,004;681,0719048;94,72902773;93,12930649;81,69505083;89,85424738;97,42306209;0,035;38647,76143;158596,4325;264976,5502;48,33;2,1955;3995,91
01-07-16;0,002;657,5671429;93,76836602;88,36002917;79,74027967;87,62585986;91,36365183;0,035;37858,72306;158226,0333;267153,91;41,6;2,225;4117,47
01-08-16;0;658,8904545;94,52799199;93,97482114;81,78110404;87,45450624;98,55856559;0,035;37398,2453;158379,0022;270002,83;44,7;2,075;4119,28
01-09-16;0,002;668,632381;95,51999023;90,55731315;79,82298684;87,19441662;94,77246208;0,035;37694,05478;160052,67;271858,6498;48,24;2,2105;4015,25
01-10-16;0,002;663,9221053;95,0670306;91,88060934;82,94411932;89,07743007;99,58262585;0,035;37458,65245;161349,4791;272915,3136;46,86;2,208;4289,78
01-11-16;0,001;666,117619;100,0610291;96,92118917;90,2718567;94,45135755;102,7640626;0,035;38474,43106;162065,6383;273510,9555;49,44;2,6295;4207,24
01-12-16;-0,002;667,1680952;104,3431638;99,9833221;108,4794408;117,063731;96,77057613;0,035;40627,99044;164406,2248;275099,2361;53,72;2,5055;4151,39
01-01-17;0,005;661,1942857;91,15030448;91,82996532;110,139802;94,2097272;88,08062576;0,034047619;40607,90461;161180,2244;274568,4602;52,81;2,7335;4199,5
01-02-17;0,002;643,2095;75,91013126;88,01237281;124,4794793;86,6607443;82,22588625;0,0325;39917,2579;159302,562;275252,1386;54,01;2,714;4359,88
01-03-17;0,004;661,2026087;75,84438415;102,4317485;119,9272129;102,9062811;97,75886794;0,031304348;39740,92733;160965,664;275992,505;50,6;2,66;4783,42
01-04-17;0,002;655,7433333;84,31519823;90,14018854;98,69348508;95,63132847;97,66522105;0,02875;40736,19343;160727,9341;277729,7993;49,33;2,6075;4795,13
01-05-17;0,001;671,5395455;93,28218589;99,55227929;90,16300863;100,2923604;98,8244657;0,026477273;41056,87267;161839,177;277798,7904;48,32;2,5865;4855,75
01-06-17;-0,004;665,1533333;90,42697339;93,03835694;81,3659609;93,36931282;99,03459131;0,025;41728,79518;163425,1213;281737,7606;46,04;2,711;4747,24
01-07-17;0,002;658,1714286;95,50278982;91,57516882;80,17468566;90,22221426;93,0110699;0,025;41012,41643;163803,6589;282853,1729;50,17;2,9;5064,62
01-08-17;0,002;644,2418182;101,2417654;95,72458814;81,31119157;92,26727087;99,87523783;0,025;40610,93595;162756,8213;280813,887;47,23;3,094;5153,15
01-09-17;-0,002;625,5415789;101,3875067;89,71303892;78,65053428;91,18484695;96,2464591;0,025;41129,30039;166086,0786;283982,109;51,67;2,955;5341,93
01-10-17;0,006;629,5465;109,0141255;95,47399291;84,37903706;95,78808448;101,579877;0,025;41183,5213;165194,569;282846,3233;54,38;3,108;5588,08
01-11-17;0,001;633,767619;105,1915722;101,984774;92,17570974;100,5957577;105,3821549;0,025;41531,78002;166113,2775;282859,8954;57,4;3,0555;5003,4
01-12-17;0,001;636,9236842;108,6090094;100,9627242;111,9868594;117,6012286;98,98493519;0,025;43718,42356;168190,4662;281821,4745;60,42;3,3005;5564,6
01-01-18;0,005;605,5286364;96,54438302;99,65986828;113,9114675;103,5721766;90,81177836;0,025;43771,34728;168516,6049;280528,2384;64,73;3,2065;5855,38
01-02-18;0;596,839;92,0045238;93,5362186;123,006377;91,07498463;85,03467272;0,025;43448,2296;167586,127;280465,2784;61,64;3,1325;5602,83
01-03-18;0,002;603,4452381;100,0093992;105,2496362;124,8857674;103,1449039;101,5622998;0,025;43720,55335;169821,2296;281434,9841;64,94;3,037;5542,22
01-04-18;0,003;600,547619;91,02563113;105,7167167;108,2752972;102,8425418;102,3913439;0,025;43956,85976;172860,947;286717,9626;68,57;3,074;5710,9
01-05-18;0,003;626,1190476;100,2076097;105,3838986;94,57545328;103,7526149;103,1684741;0,025;44610,51775;174193,0127;287809,5602;67,04;3,075;5455,09
01-06-18;0,001;636,1461905;96,32665684;101,8839957;85,27143859;97,9053446;102,0418508;0,025;45114,29837;176213,818;291210,3351;74,15;2,966;5301,25
01-07-18;0,004;652,407;100,155761;94,92750056;83,13753483;90,92332872;95,57943537;0,025;44693,27738;175491,2837;293084,6899;68,76;2,8405;5434,44
01-08-18;0,002;656,2509091;96,72996376;99,90855916;83,11512263;95,58567994;102,6698574;0,025;44033,97775;175481,1922;294504,8969;69,8;2,6645;5270,43
01-09-18;0,003;680,9147059;100,3555707;85,93665226;80,34510771;89,41614307;99,24464852;0,025;45087,63425;176987,7968;297632,0801;73,25;2,805;5283,53
01-10-18;0,004;676,8409091;101,0661497;104,0654125;89,90026484;101,8093173;105,4913472;0,026022727;44384,33412;175037,2161;296417,816;65,31;2,667;5104,33
01-11-18;0;677,612;112,5607081;101,0715773;97,23796175;99,99965415;109,5587142;0,0275;44688,20033;178575,525;300876,103;50,93;2,7865;5111,88
01-12-18;-0,001;681,9868421;113,013643;102,6599641;116,3382073;119,9733104;102,4455776;0,0275;46753,27077;181543,619;304850,1984;45,41;2,631;5105,43
01-01-19;0,001;677,0618182;91,84775365;101,5078042;115,4937588;105,1226285;94,1042636;0,027613636;46782,99541;179858,2599;304149,9593;53,79;2,789;5405,61
01-02-19;0;656,3045;81,59327849;93,18898917;120,3087914;92,77392585;88,20170213;0,03;46012,01843;178295,3758;304357,02;57,22;2,948;5287,54
01-03-19;0,005;667,6785714;93,41382771;103,7482292;124,1623725;104,7296647;105,2644402;0,03;46182,3952;178900,3703;305065,3702;60,14;2,9395;5259,41
01-04-19;0,003;667,3990476;88,02117851;100,651299;108,4273014;103,6203524;106,340101;0,03;47052,76607;181282,2019;309203,3937;63,91;2,904;5187,1
01-05-19;0,006;692,0038095;92,44761758;101,6756215;97,13219506;104,7862541;107,1048398;0,03;47501,4129;181882,9655;311060,3852;53,5;2,6405;4977,09
01-06-19;0;692,409;91,51357116;95,19870366;88,03102644;96,33281397;105,2439245;0,02625;47829,23846;182093,8248;314959,7111;58,47;2,7135;5070,71
01-07-19;0,002;686,0595455;95,33396085;97,98526934;86,80387313;94,27183902;99,45334086;0,025;47878,81685;182049,6521;316144,0678;58,58;2,6715;4972,36
01-08-19;0,002;713,7033333;101,2714819;96,1397033;87,19457763;95,76946926;107,6305159;0,025;47891,19121;184112,0026;319294,7896;55,1;2,547;4804,37
01-09-19;0;718,4422222;99,61346198;87,62542514;85,07633381;91,31000533;103,3261563;0,020555556;49609,75911;186656,5258;323211,1457;54,07;2,5785;5059,04
01-10-19;0,008;721,0322727;99,20412717;95,80265246;90,49390625;91,20065443;101,4213002;0,019431818;50050,37274;186032,3966;322347,8646;54,18;2,6425;4744,13
01-11-19;0,001;776,53;100,1461854;99,85579191;98,71719325;91,29768003;103,7429163;0,0175;52253,00177;190860,2758;325728,747;55,17;2,656;4538,8
01-12-19;0,001;770,3905;111,1545602;105,1170752;123,5121606;119,3247249;103,0113725;0,0175;54380,26073;194346,5346;327599,969;61,06;2,797;4669,85
01-01-20;0,006;772,6477273;93,29909121;101,6458596;118,5705771;104,5267243;94,88180229;0,0175;53495,44752;190466,7952;320662,8319;51,56;2,52;4572,06
01-02-20;0,004;796,3795;90,26192608;96,10002656;125,0621348;94,18308093;89,08803464;0,0175;53225,25365;187814,4402;315960,3896;44,76;2,54;4122,63
01-03-20;0,003;839,3754545;95,89810443;105,1027984;121,5063107;95,51305413;99,67225486;0,01375;55518,86546;190446,1938;317952,1151;20,48;2,232;3487,49
01-04-20;0;853,3790476;89,27600002;92,44925243;100,2409239;79,51574203;87,64573635;0,005;60045,97209;194548,8463;322850,2739;18,84;2,344;3977,56
01-05-20;-0,001;821,8052632;95,34874431;88,21168807;86,56076991;76,45735137;88,71909828;0,005;62247,59407;193537,6345;325020,1288;35,49;2,4345;3647,6
01-06-20;-0,001;793,7180952;94,39518236;87,31875914;72,5720518;77,93710303;89,44130075;0,005;65144,17011;193639,2744;327992,4125;39,27;2,7285;3959,02
01-07-20;0,001;784,7290909;98,08686194;89,40665223;71,56390732;83,19149146;86,40731104;0,005;66286,92798;189879,717;329700,3918;40,27;2,877;4017,08
01-08-20;0,001;784,6619048;99,35378785;91,00966665;73,3668577;96,59861295;90,84834749;0,005;73669,01838;191336,0016;334574,8473;42,61;3,0555;3767,15
01-09-20;0,006;773,402381;97,87486384;92,13722333;74,73742488;100,3403005;93,80634965;0,005;77716,14387;190284,2862;336594,6818;40,22;3,0325;3637,3
01-10-20;0,007;788,2671429;99,89665396;101,3784622;82,69028553;106,2083693;95,91134805;0,005;77442,16436;187233,3825;335563,9908;35,79;3,0515;3539,92
01-11-20;-0,001;762,8847619;99,34665075;101,2789517;95,20459057;108,9455697;101,9406564;0,005;76395,62629;185806,9828;335656,044;45,34;3,4335;4032,87
01-12-20;0,003;734,733;101,3111313;106,696914;123,6543532;134,4915682;101,4129313;0,005;81275,75941;189388,2939;335344,4998;48,52;3,519;4177,22
01-01-21;0,007;723,556;90,89274453;98,34870654;111,9955159;121,4020568;88,05733032;0,005;84898,77943;191406,5632;332993,7062;52,2;3,558;4288,65
01-02-21;0,002;722,6265;83,48304857;96,53676966;116,217698;110,9256025;85,81669735;0,005;83585,21313;189376,2978;332808,9847;61,5;4,0925;4573,37
01-03-21;0,004;726,366087;94,39877342;109,7113926;120,7300174;120,0117875;106,3087071;0,005;84277,09801;188932,4512;333121,1404;59,16;4;4898,09
01-04-21;0,004;707,8452381;90,02162139;102,4101097;101,584216;107,6756423;103,9987974;0,005;84177,67782;189031,7046;332122,7544;63,58;4,468;4472,84
01-05-21;0,003;712,2595;91,66597574;100,0993436;92,20837009;119,075936;105,8564142;0,005;93947,0811;196734,3302;340578,0853;66,32;4,681;4356,43
01-06-21;0,001;726,5445;90,52798075;99,53437489;84,84010921;114,3522655;107,2760356;0,005;96591,35152;196996,0107;342943,1118;73,47;4,289;4331,33
01-07-21;0,008;750,4404762;92,353845;98,55721379;82,28201078;115,2556455;100,5152577;0,006309524;97103,74201;197783,5018;345785,0745;73,95;4,4655;4252,04
01-08-21;0,004;779,8281818;92,88079438;100,4021207;83,55097353;115,0990271;112,705678;0,0075;96726,0939;198387,843;351199,5062;68,5;4,37;4491,57
01-09-21;0,012;783,6261905;88,52231407;97,93839586;83,27313424;111,5439844;111,9079636;0,015;94983,74893;196463,9271;351454,5403;75,03;4,089;4362,59
01-10-21;0,013;813,9505;95,45875977;100,5173655;86,37044089;116,4332173;115,7404116;0,0225;93999,05033;195891,4479;353070,0833;83,57;4,359;4092,2
01-11-21;0,005;812,6247619;94,20106216;104,5900292;97,91239522;119,2587394;124,1502958;0,0275;91988,66189;193708,4474;353131,9821;66,18;4,2805;4432,71
01-12-21;0,008;849,1219048;97,92544876;109,8568523;129,2297865;143,6588037;115,5311553;0,034642857;92644,2501;193190,3613;352388,2945;75,21;4,4635;4300,12
01-01-22;0,012;822,05;80,80936009;97,84869566;113,4313148;123,0352988;102,6868;0,042142857;88122,96461;187887,7301;344745,4677;88,15;4,3265;4548,45
01-02-22;0,003;807,068;74,7201544;92,91910202;116,5201083;111,9865985;97,32481111;0,055;84145,69935;184580,0674;339236,3344;95,72;4,4545;4534,47
01-03-22;0,019;799,1873913;88,06665486;111,9613519;120,2395854;123,7030959;119,2846683;0,056304348;80118,1118;181001,6137;331464,5372;100,28;4,752;4936,97
01-04-22;0,014;815,123;77,87869343;99,63719358;101,0834663;110,9087862;117,7818835;0,07;77863,58515;180068,95;330390,0256;104,69;4,4085;4778,43
01-05-22;0,012;849,39;87,19753254;99,97754272;93,19986723;113,5035479;120,0337258;0,080227273;73870,11234;179212,8899;332911,6134;114,67;4,299;5350,48
01-06-22;0,009;857,7695;84,12722504;95,50260258;86,25975559;106,3889584;117,7971015;0,088125;71459,28629;179884,1211;334332,0047;105,76;3,71;4950,39
01-07-22;0,014;953,7061905;83,36506441;94,87178375;86,63129711;106,2142898;105,4594759;0,094285714;67961,40995;178690,5056;334661,7681;98,62;3,575;5259,05
01-08-22;0,012;904,3522727;85,11626738;98,96625939;89,61876027;110,8950341;119,2960037;0,0975;64447,4998;177377,2899;330191,9383;89,55;3,519;5441,26
01-09-22;0,009;921,0075;86,2025427;93,44847395;88,16856823;107,9582236;116,9423143;0,1055;63255,08692;177323,352;326729,0516;79,49;3,4125;5114,19
01-10-22;0,005;955,8947368;95,6474383;96,88761921;90,63468037;108,4172061;115,2664537;0,110657895;61140,7857;176196,2608;326129,0608;86,53;3,375;5193,81
01-11-22;0,01;917,0528571;89,7759519;99,47567676;102,7354397;109,6522279;123,3584387;0,1125;58673,45929;175437,8345;322846,0337;80,56;3,738;5282,61
01-12-22;0,003;875,6614286;98,35082922;107,0150926;134,1603167;135,0283901;116,2432444;0,1125;59498,79484;177825,5815;321426,4055;80,47;3,8105;5262,43
01-01-23;0,008;826,3357143;86,4376726;101,3976491;114,5303973;118,5239049;105,5714011;0,1125;58047,49272;178399,7191;318287,4352;80,11;4,226;5322,39
01-02-23;-0,001;798,2575;73,18613714;99,48728402;114,0270659;111,1952357;99,24392108;0,1125;57106,9427;178015,3419;318955,9891;77,05;4,074;5394,9
01-03-23;0,011;809,503913;78,40842436;112,670842;120,1177406;124,2081722;120,6161761;0,1125;56220,54587;177600,5016;318559,684;75,67;4,0945;5324,62
01-04-23;0,003;803,8368421;78,99562033;102,2567756;102,1182368;107,8905504;118,3911831;0,1125;56080,96092;178301,9584;318746,9398;76,78;3,8812;5414,68
01-05-23;0,001;798,6354545;79,86678294;104,733138;95,8272318;113,3178427;122,008144;0,1125;55988,03636;177896,998;319912,9509;68,09;3,637;5471,54
01-06-23;-0,002;799,8725;84,85015967;97,12434284;91,34395923;102,38871;118,8893139;0,1125;55775,78627;179813,9333;322496,0052;70,64;3,7595;5786,8
01-07-23;0,004;813,3971429;87,41544497;97,53367858;93,23322562;104,5981915;110,6704593;0,11202381;54934,55006;179554,1984;321697,157;81,8;4,008;6394,4
01-08-23;0,001;855,6595455;88,94556395;100,7766155;96,05064927;109,988428;118,8219948;0,1025;54538,67883;178482,2528;323783,5735;83,63;3,822;6009,28
01-09-23;0,007;884,4036842;95,55864656;94,13000315;95,25644771;103,7503754;114,9867735;0,096184211;54824,67397;177092,8895;323989,0661;90,79;3,7375;5833,36
01-10-23;0,004;926,347;92,23484462;104,0214568;95,32025964;108,7087241;119,1678635;0,0945;54239,57608;176334,6478;325412,5377;81,02;3,649;5407,5
01-11-23;0,007;886,6142857;90,90910012;105,092375;106,7485109;110,7025229;125,6408346;0,09;53342,81071;175105,3706;324017,1258;75,96;3,8505;5818,51
01-12-23;-0,005;874,6657895;94,68339558;104,3902009;134,5494307;132,099902;119,3841506;0,087236842;55615,36497;177977,5576;327856,4921;71,65;3,8905;6197,77
01-01-24;0,007;907,9868182;85,25696823;104,6318955;120,0216365;129,2820829;109,0829104;0,0825;55603,89306;177888,2779;328815,3441;75,85;3,917;5987,14
01-02-24;0,006;963,442381;81,42288829;102,9312163;121,1466718;119,0160227;103,732768;0,0725;55049,1091;177617,5078;330142,8751;78,26;3,847;6449,88
01-03-24;0,004;967,9325;85,79053183;108,1617761;123,4258744;122,4563233;121,9946922;0,0725;54653,26095;178380,7761;332192,8009;83,17;4,025;6647,4
01-04-24;0,005;960,1381818;77,78795661;107,9848261;106,6772198;118,4034935;123,011933;0,065681818;54910,6346;178835,6017;332774,3451;81,93;4,563;6511,9
01-05-24;0,003;917,8771429;82,80180042;102,1170388;98,5430628;113,3136591;121,9626689;0,063571429;54248,17148;178176,2249;331500,4331;76,99;4,602;6605,52
01-06-24;-0,001;926,0810526;89,05498811;95,7312231;92,16255116;106,0655667;115,7679163;0,059078947;54702,5178;180137,8956;335784,1737;81,54;4,385;6413,88
01-07-24;0,007;937,5609091;91,40901526;105,3472766;92,79565911;109,4055931;116,0840192;0,0575;54180,58599;180916,7525;336086,2994;77,91;4,1765;6440,56
01-08-24;0,003;929,8952381;96,93936027;104,1206693;93,26961278;113,0396193;120,3100274;0,0575;53374,80635;180949,9991;335976,123;73,55;4,167;6459,96
01-09-24;0,001;926,2144444;96,16294163;94,50066669;90,77700821;107,1056573;116,9898273;0,055277778;54098,97674;180796,5251;337140,9756;68,17;4,553;6490,57
01-10-24;0,01;933,8122727;96,16294836;108,3748535;95,6460719;116,0768621;122,1943462;0,053977273;53069,17103;178718,9859;333781,2231;69,26;4,34;6550,32
01-11-24;0,002;971,6;93,55214479;107,5396945;111,4202744;115,9283154;127,7193282;0,0525;53645,08816;177827,8494;335687,7944;68;4,14;6576,6
01-12-24;-0,002;982,296;108,4186671;115,8058748;154,0104531;146,4292436;122,0531928;0,0515;55875,56738;179649,6416;336828,6895;71,72;4,007;6710,02
01-01-25;0,011;1000,763636;84,47439555;111,3028181;121,2883657;140,4717748;110,5432301;0,05;55591,03082;178241,5378;332744,011;72,53;4,279;7199,59
01-02-25;0,004;956,62;75,3687908;104,662357;123,9151993;123,1394568;104,2507317;0,05;54780,48151;177599,6672;331440,4232;69,76;4,5275;7332,12